address,name,type
9fyeEQBXvJzRYpRmrNy2eaB2kDqQGDk3KoS,$BASS,Service
88dhgzEuTXaRQTX5KNdnaWTTX7fEZVEQRn6,2miners,Mining pool
88dhgzEuTXaU9uJYAV8HTNzQL5pZrf7Dovu,666 Pool,Mining pool
9fSHsLVsxcLviXV6ifKTBuNQZD4Wo7SA8U4,AUTOLYKOS,Service
R6Hbr4mRLjU9WRxKtMZiCcm4VX7txovoioP,Auction Coin,Service
2JhU6VoVfmAxjDRnfJxXp77vERh1cgiu7wX,Auction House,Service
9etDbVVWiZqQyPdKy8zn1XnLK4xH3h7ojxj,Baseless Bureau of Investigation,Service
3uwwarRcvnXrsd4B6cv76KTnNcmYc3XSNfF,Bene,Service
9gBQ7S3Zu9ZfrTfR9fvQDTNMRUF6Sskta6N,Bober,Service
w7hVGEBbKGXan9MuxHE7i5GK9YdUFLTUFMr,COMET,Service
9fPiW45mZwoTxSwTLLXaZcdekqi72emebEN,Coinex,Exchange
9fCFjYoi2npDpkrvJq4hzfGkxS3HcfYYdy1,Crooks Finance,Service
9hxa8WUf2RRCGqVJD73FM8fPc4oj3j7cUto,Crux Finance,Service
9eaX1P6KkckoZa2cc8Cn2iL3tjsUL5MN9CQ,Crystal Pool,Service
9gGthpTAhLu6Ht7m2jWEaLjmjf252ay47cn,Cyberverse,Service
88dhgzEuTXaUPpNAbKL7UeNUFEcjkoqW6ev,DX Pool,Mining pool
2BggBDgr9nBXyMpT5NbZf1QRN2pfHmzJxWw,DevDAO,Service
2FF5cwPFLkVs9R5SWBgBfLEPeqvnJUkNXMb,DexyGold,Service
3W5ZTNTWAwgjcNhctkBccWeUVruJJVLATdY,DexyUSD - USE,Service
26DFznnsoEFKBLrRFQ6GGxWmWKZSLAs4zW4,Duckpools,Service
9h9hhyyDaYf82qXsgkFmto2yp6D1GsV3Bjq,ERGOD,Service
9ezkVoMPzm1TZE4DaTi17nmETpTsQcXrWtF,EXLE,Service
9ghKKGDqL6tjypwVHuiTdzLJooh7HdgScgZ,Erg Explorer,Service
9g8vzd4xJZNRFDByX9Z3SG6REsYJW6Xw7mS,ErgOne,Service
2BggBDgr9n9geTKjCJBCEWMReb2i7wcocw7,Ergo Foundation,Service
2kpyq1fiKFRACqTBYLqT4BNGfnrym226pPa,Ergo Mixer,Service
22WkKcVUvboYCZJe1urbmvBL3j67LKb5KEA,Ergo Platform,Service
9i1Jy713XfahaB8oFFm2T9kpM7mzT1F4dMv,ErgoRaffle,Service
9fEVRjBn42bk7XnzaZ91sdzrqyd25msyBhW,ErgoTipperBot,Service
9hyVVCEPwEKKGr15ZpxsV5Bkr9itGpZ3pak,Ergonaut,Service
2k6J5ocjeESe4cuXP6rwwq55t6cUwiyqDzN,Ergopad,Service
9eq54XD5C7o78HgxyZ94SjNzhoesp4FCczA,Ergosanta,Service
9fCKJ7g6ZffHAQb9UQY7S6YLF6dRVejBAXw,Flux,Service
9enQZco9hPuqaHvR7EpPRWvYbkDYoWu3NK7,Gate.io,Exchange
9fMi2dxQmgXXhJEfWbCQBBd8ZkDrx1ws9Vz,GluonW Gold,Service
2dixsQeWPVtED6JEL3hmsJFXTKCBngyQDvx,Gold Oracle,Service
9fSuzs5tQUSaitGQhurYFfHJUBqQ4pz94BT,Grand Gambit,Service
9hcnbxtxNqnqKrpUvPBGcNamABYj1Jca2kM,GreasyCEX,Service
88dhgzEuTXaSuf5QC1TJDgdxqJMQEQAM6Ya,Hero Miners,Mining pool
Eusy4qFM78PjbgGpkRiAQejEQShmfpK9ajU,HodlCOMET10,Service
TZPn3oLcgqXcSLXXguTKqW6TXsMC9brGikX,HodlERG3,Service
9exS2B892HTiDkqhcWnj1nzsbYmVn7ameVb,Hotbit,Exchange
9feMGM1qwNG8NnNuk3pz4yeCGm59s2RbjFn,Huobi,Exchange
88dhgzEuTXaS7z8MA868ZjU6ujmWi8Wqcx7,JJ Pool,Mining pool
88dhgzEuTXaTj2AZkM2vwnemCYyAUJymaFf,K1 Pool,Mining pool
88dhgzEuTXaTnTZomXPfuJ67oYJPbrv17yN,Kryptex,Mining pool
9fpUtN7d22jS3cMWeZxBbzkdnHCB46YRJ8q,KuCoin,Exchange
9f9XhRuheqk6cSWTtGiVuhBaV4B2jioJ9FT,Lemur Adergo,Service
5d7kmvqYj49qiasgGd4989M3PvS4bExHcbt,Lilium,Service
9heCed7HKoDwUXAnKU6P4mZZq1emzX7s4wL,MEXC,Exchange
88dhgzEuTXaTmFJfU5i58VVg6PRWfaAEWJ2,Magic Pool,Mining pool
2Czxg7U54ZyGMzjt35EYX9g98H9UjFqteuY,Mew Finance,Service
88dhgzEuTXaRp6WD5jWZSnXzBbA44g1xSMk,Nano Pool,Mining pool
9hmS5u1Khhc4PFERTA2dGzSkDuwUrrENQEU,NonKYC,Exchange
9iEUcAGtzWCkZQjgntXw6GufrTi7FaT6nBe,OINK,Service
9gJQ4hscj362DDsWQEBC1L2RCotHoEYAy3k,PEPErg,Service
3bseGyneBTFGJrm7ueHQFcDckgh1hzMJL8a,Paideia,Service
9eg2Rz3tGogzLaVZhG1ycPj1dJtN4Jn8ySa,ProBit,Exchange
2DxRv75maq3FewTq4mCgRzJedpUXxk5iUYh,Rosen Bridge,Service
88dhgzEuTXaRVtdXFwQFLD9NrGKjCP49pYi,SOLO Pool,Mining pool
9hYpa8qu3GihemMA1c4RVZuRGqcmBQKChgo,Seven Seas,Exchange
2f7L4F3Q9eCjdWRmxSENw18Bw5SPAf3vBai,SigmaFi,Service
22ELWBHzyWGjPRE48ZJDfFmD24myYdG3vHz,SigmaUSD,Service
2WB8dMUZpeBWsW1iSpNsxjT5ADq5jEqmHrt,Sigmanauts,Service
26tpZU6i6zeBRuzZVo7tr47zjArAxkHP8x7,Sky Harbor,Service
2JowFgqdee4yFVaXNsYuiAh1ge7HGxNSaDL,Spectrum Finance,Exchange
9gHN2hfhzTSPTh5bo922PoB4qWf4JQsx8uK,TabbyPOS,Service
7Jpc1Fq4K8JvQAb15GvnksAaUvQShnrhgi2,Terahertz,Service
9i5fFHWnQPzY1fNEo65NtMirbhftPieZZd4,The Dip/The Pump,Service
9fnmngbD5dHoKjAPYhX9FZcUVM8yxnNNM4J,Tidex,Exchange
DaJygexrs8GgHiucBGuPQcrryQPESkfsKtg,TokenJay,Service
9fs99SejQxDjnjwrZ13YMZZ3fwMEVXFewpW,TradeOgre,Exchange
9gCSwARekGnYQ6FJZ4PrEq4rP1BGukCMByq,Trocador,Service
4L1NEtpkMq6NeZhy2pk6omYvewovcHTm7Cb,USD Oracle v1,Service
2dixsQeWPVtED6EJEL3hmsJFhdNbtcEYckwb,USD Oracle v2,Service
9gNYeyfRFUipiWZ3JR1ayDMoeh28E6J7aDQ,Waves,Exchange
88dhgzEuTXaQ2HPUskY3hvgMA5uCbQWwZNP,Wooly Pooly,Mining pool
9hphYTmicjazd45pz2ovoHVPz5LTq9EvXoE,Xeggex,Exchange